file_name,initial_point,finish_point,confidence
Exp_14_Dec_2023_0845_channel_0.wav,586.8,587.1999999999999,0.64832246
Exp_14_Dec_2023_0845_channel_0.wav,1404.4,1404.8000000000002,0.72591347
