file_name,initial_point,finish_point,confidence
Exp_30_May_2023_0945_channel_2.wav,402.4,402.79999999999995,0.9999777
Exp_30_May_2023_0945_channel_2.wav,402.8,403.2,0.98827505
Exp_30_May_2023_0945_channel_2.wav,403.6,404.0,0.9999993
Exp_30_May_2023_0945_channel_2.wav,404.0,404.4,0.999634
