file_name,initial_point,finish_point,confidence
Exp_12_Oct_2023_1645_channel_1.wav,282.0,282.4,0.9796153
Exp_12_Oct_2023_1645_channel_1.wav,930.4,930.8,0.99999976
Exp_12_Oct_2023_1645_channel_1.wav,1143.2,1143.6000000000001,0.9999945
Exp_12_Oct_2023_1645_channel_1.wav,1745.6,1746.0,0.9988649
