file_name,initial_point,finish_point,confidence
Exp_02_Dec_2023_1045_channel_0.wav,99.6,100.0,0.9873399
Exp_02_Dec_2023_1045_channel_0.wav,100.0,100.4,0.9997936
Exp_02_Dec_2023_1045_channel_0.wav,100.4,100.80000000000001,1.0
Exp_02_Dec_2023_1045_channel_0.wav,230.4,230.8,0.9923034
