file_name,initial_point,finish_point,confidence
Exp_07_Dec_2023_1245_channel_0.wav,812.4,812.8,0.9999907
Exp_07_Dec_2023_1245_channel_0.wav,1616.0,1616.4,1.0
Exp_07_Dec_2023_1245_channel_0.wav,1616.4,1616.8000000000002,1.0
Exp_07_Dec_2023_1245_channel_0.wav,1792.0,1792.4,0.9999995
