file_name,initial_point,finish_point,confidence
Exp_07_Aug_2023_0845_channel_1.wav,956.8,957.1999999999999,0.99999464
Exp_07_Aug_2023_0845_channel_1.wav,1504.0,1504.4,0.99999964
Exp_07_Aug_2023_0845_channel_1.wav,1531.2,1531.6000000000001,1.0
Exp_07_Aug_2023_0845_channel_1.wav,1531.6,1532.0,1.0
