file_name,initial_point,finish_point,confidence
Exp_23_Apr_2023_0845_channel_1.wav,22.0,22.4,0.7524398
Exp_23_Apr_2023_0845_channel_1.wav,270.0,270.4,0.8905053
Exp_23_Apr_2023_0845_channel_1.wav,457.2,457.59999999999997,0.81357664
Exp_23_Apr_2023_0845_channel_1.wav,920.0,920.4,0.9952675
Exp_23_Apr_2023_0845_channel_1.wav,1281.2,1281.6000000000001,0.51613855
Exp_23_Apr_2023_0845_channel_1.wav,1669.6,1670.0,0.7986456
