file_name,initial_point,finish_point,confidence
Exp_09_Jun_2023_0845_channel_1.wav,1232.0,1232.4,0.96195143
Exp_09_Jun_2023_0845_channel_1.wav,1232.4,1232.8000000000002,0.9946372
