file_name,initial_point,finish_point,confidence
Exp_21_Dec_2023_0945_channel_0.wav,394.8,395.2,1.0
Exp_21_Dec_2023_0945_channel_0.wav,395.2,395.59999999999997,1.0
Exp_21_Dec_2023_0945_channel_0.wav,692.0,692.4,1.0
Exp_21_Dec_2023_0945_channel_0.wav,692.4,692.8,1.0
Exp_21_Dec_2023_0945_channel_0.wav,778.8,779.1999999999999,1.0
Exp_21_Dec_2023_0945_channel_0.wav,779.2,779.6,1.0
