file_name,initial_point,finish_point,confidence
Exp_28_Nov_2023_1445_channel_1.wav,908.0,908.4,0.9996537
Exp_28_Nov_2023_1445_channel_1.wav,1391.2,1391.6000000000001,0.99802434
Exp_28_Nov_2023_1445_channel_1.wav,1398.0,1398.4,0.96992683
Exp_28_Nov_2023_1445_channel_1.wav,1793.6,1794.0,1.0
Exp_28_Nov_2023_1445_channel_1.wav,1794.0,1794.4,1.0
