file_name,initial_point,finish_point,confidence
Exp_12_Nov_2023_1145_channel_1.wav,43.2,43.6,0.99999905
Exp_12_Nov_2023_1145_channel_1.wav,43.6,44.0,1.0
Exp_12_Nov_2023_1145_channel_1.wav,44.0,44.4,0.8814744
Exp_12_Nov_2023_1145_channel_1.wav,46.8,47.199999999999996,1.0
Exp_12_Nov_2023_1145_channel_1.wav,47.2,47.6,1.0
Exp_12_Nov_2023_1145_channel_1.wav,47.6,48.0,0.9999999
Exp_12_Nov_2023_1145_channel_1.wav,1186.0,1186.4,0.9999932
Exp_12_Nov_2023_1145_channel_1.wav,1785.2,1785.6000000000001,0.99945515
