file_name,initial_point,finish_point,confidence
Exp_10_Feb_2023_1145_channel_1.wav,35.2,35.6,1.0
Exp_10_Feb_2023_1145_channel_1.wav,35.6,36.0,1.0
Exp_10_Feb_2023_1145_channel_1.wav,38.8,39.199999999999996,1.0
Exp_10_Feb_2023_1145_channel_1.wav,39.2,39.6,1.0
Exp_10_Feb_2023_1145_channel_1.wav,558.8,559.1999999999999,0.999974
Exp_10_Feb_2023_1145_channel_1.wav,559.2,559.6,1.0
Exp_10_Feb_2023_1145_channel_1.wav,559.6,560.0,1.0
Exp_10_Feb_2023_1145_channel_1.wav,736.8,737.1999999999999,1.0
Exp_10_Feb_2023_1145_channel_1.wav,737.2,737.6,0.9999505
