file_name,initial_point,finish_point,confidence
Exp_10_Feb_2023_1545_channel_1.wav,8.8,9.200000000000001,1.0
Exp_10_Feb_2023_1545_channel_1.wav,33.6,34.0,1.0
Exp_10_Feb_2023_1545_channel_1.wav,63.2,63.6,1.0
Exp_10_Feb_2023_1545_channel_1.wav,63.6,64.0,0.9999695
Exp_10_Feb_2023_1545_channel_1.wav,100.8,101.2,1.0
Exp_10_Feb_2023_1545_channel_1.wav,101.2,101.60000000000001,1.0
Exp_10_Feb_2023_1545_channel_1.wav,200.0,200.4,1.0
Exp_10_Feb_2023_1545_channel_1.wav,200.4,200.8,1.0
Exp_10_Feb_2023_1545_channel_1.wav,570.4,570.8,0.99993443
