file_name,initial_point,finish_point,confidence
Exp_14_May_2023_0845_channel_0.wav,1037.2,1037.6000000000001,0.6341301
Exp_14_May_2023_0845_channel_0.wav,1124.0,1124.4,0.969024
Exp_14_May_2023_0845_channel_0.wav,1362.8,1363.2,0.9999968
Exp_14_May_2023_0845_channel_0.wav,1363.2,1363.6000000000001,0.9989064
Exp_14_May_2023_0845_channel_0.wav,1369.6,1370.0,1.0
Exp_14_May_2023_0845_channel_0.wav,1370.0,1370.4,0.99999225
Exp_14_May_2023_0845_channel_0.wav,1686.8,1687.2,1.0
Exp_14_May_2023_0845_channel_0.wav,1687.2,1687.6000000000001,1.0
