file_name,initial_point,finish_point,confidence
Exp_16_Jun_2023_1045_channel_1.wav,426.8,427.2,0.9999957
Exp_16_Jun_2023_1045_channel_1.wav,427.2,427.59999999999997,1.0
Exp_16_Jun_2023_1045_channel_1.wav,513.2,513.6,0.9999987
Exp_16_Jun_2023_1045_channel_1.wav,513.6,514.0,1.0
