file_name,initial_point,finish_point,confidence
Exp_10_Sep_2023_0845_channel_1.wav,608.4,608.8,0.98334056
Exp_10_Sep_2023_0845_channel_1.wav,1109.6,1110.0,0.68632853
Exp_10_Sep_2023_0845_channel_1.wav,1190.8,1191.2,0.72447354
Exp_10_Sep_2023_0845_channel_1.wav,1255.2,1255.6000000000001,0.96724164
Exp_10_Sep_2023_0845_channel_1.wav,1260.4,1260.8000000000002,0.70726764
Exp_10_Sep_2023_0845_channel_1.wav,1277.6,1278.0,0.9947339
Exp_10_Sep_2023_0845_channel_1.wav,1318.8,1319.2,0.95258844
Exp_10_Sep_2023_0845_channel_1.wav,1500.4,1500.8000000000002,0.9999714
Exp_10_Sep_2023_0845_channel_1.wav,1500.8,1501.2,1.0
