file_name,initial_point,finish_point,confidence
Exp_09_Jan_2024_0745_channel_0.wav,1315.6,1316.0,1.0
Exp_09_Jan_2024_0745_channel_0.wav,1316.0,1316.4,1.0
Exp_09_Jan_2024_0745_channel_0.wav,1333.6,1334.0,1.0
Exp_09_Jan_2024_0745_channel_0.wav,1334.0,1334.4,1.0
Exp_09_Jan_2024_0745_channel_0.wav,1346.0,1346.4,0.9995857
Exp_09_Jan_2024_0745_channel_0.wav,1346.4,1346.8000000000002,1.0
Exp_09_Jan_2024_0745_channel_0.wav,1346.8,1347.2,0.833593
