file_name,initial_point,finish_point,confidence
Exp_02_Dec_2023_0845_channel_0.wav,1519.6,1520.0,0.5389542
Exp_02_Dec_2023_0845_channel_0.wav,1579.2,1579.6000000000001,0.59899133
Exp_02_Dec_2023_0845_channel_0.wav,1737.6,1738.0,0.93168765
