file_name,initial_point,finish_point,confidence
Exp_07_Feb_2023_1445_channel_1.wav,626.0,626.4,1.0
Exp_07_Feb_2023_1445_channel_1.wav,626.4,626.8,1.0
Exp_07_Feb_2023_1445_channel_1.wav,626.8,627.1999999999999,1.0
Exp_07_Feb_2023_1445_channel_1.wav,627.2,627.6,1.0
Exp_07_Feb_2023_1445_channel_1.wav,1618.4,1618.8000000000002,0.9999995
