file_name,initial_point,finish_point,confidence
Exp_09_Sep_2023_1045_channel_1.wav,337.6,338.0,0.99588996
Exp_09_Sep_2023_1045_channel_1.wav,574.4,574.8,0.99999714
Exp_09_Sep_2023_1045_channel_1.wav,787.6,788.0,0.90230083
Exp_09_Sep_2023_1045_channel_1.wav,825.6,826.0,0.99327505
Exp_09_Sep_2023_1045_channel_1.wav,1088.0,1088.4,1.0
Exp_09_Sep_2023_1045_channel_1.wav,1616.8,1617.2,0.93478894
Exp_09_Sep_2023_1045_channel_1.wav,1704.0,1704.4,0.99999976
Exp_09_Sep_2023_1045_channel_1.wav,1712.8,1713.2,0.903646
Exp_09_Sep_2023_1045_channel_1.wav,1768.0,1768.4,0.9998535
