file_name,initial_point,finish_point,confidence
Exp_30_Nov_2023_1245_channel_1.wav,514.8,515.1999999999999,1.0
Exp_30_Nov_2023_1245_channel_1.wav,515.2,515.6,1.0
Exp_30_Nov_2023_1245_channel_1.wav,515.6,516.0,1.0
Exp_30_Nov_2023_1245_channel_1.wav,1361.2,1361.6000000000001,0.99999964
Exp_30_Nov_2023_1245_channel_1.wav,1554.4,1554.8000000000002,0.7695407
Exp_30_Nov_2023_1245_channel_1.wav,1661.6,1662.0,0.7457375
