file_name,initial_point,finish_point,confidence
Exp_23_Jan_2024_0845_channel_1.wav,805.2,805.6,1.0
Exp_23_Jan_2024_0845_channel_1.wav,805.6,806.0,1.0
Exp_23_Jan_2024_0845_channel_1.wav,806.0,806.4,1.0
Exp_23_Jan_2024_0845_channel_1.wav,978.0,978.4,1.0
Exp_23_Jan_2024_0845_channel_1.wav,978.4,978.8,1.0
Exp_23_Jan_2024_0845_channel_1.wav,1521.2,1521.6000000000001,0.9999827
Exp_23_Jan_2024_0845_channel_1.wav,1521.6,1522.0,0.99999976
