file_name,initial_point,finish_point,confidence
Exp_25_Mar_2023_1245_channel_1.wav,764.4,764.8,0.9999794
Exp_25_Mar_2023_1245_channel_1.wav,1292.4,1292.8000000000002,0.81944656
Exp_25_Mar_2023_1245_channel_1.wav,1566.0,1566.4,0.69919515
Exp_25_Mar_2023_1245_channel_1.wav,1779.6,1780.0,0.67417777
