file_name,initial_point,finish_point,confidence
Exp_23_Aug_2023_1745_channel_1.wav,891.6,892.0,1.0
Exp_23_Aug_2023_1745_channel_1.wav,1201.2,1201.6000000000001,0.99901676
Exp_23_Aug_2023_1745_channel_1.wav,1781.6,1782.0,0.5408631
