file_name,initial_point,finish_point,confidence
Exp_05_Aug_2023_0745_channel_1.wav,1.6,2.0,1.0
Exp_05_Aug_2023_0745_channel_1.wav,2.0,2.4,1.0
Exp_05_Aug_2023_0745_channel_1.wav,2.4000000000000004,2.8000000000000003,0.9823179
Exp_05_Aug_2023_0745_channel_1.wav,552.8,553.1999999999999,0.9999995
Exp_05_Aug_2023_0745_channel_1.wav,1116.8,1117.2,1.0
Exp_05_Aug_2023_0745_channel_1.wav,1117.2,1117.6000000000001,1.0
Exp_05_Aug_2023_0745_channel_1.wav,1117.6,1118.0,1.0
Exp_05_Aug_2023_0745_channel_1.wav,1118.0,1118.4,1.0
Exp_05_Aug_2023_0745_channel_1.wav,1118.4,1118.8000000000002,0.9999566
