file_name,initial_point,finish_point,confidence
Exp_24_Feb_2024_1645_channel_0.wav,142.4,142.8,0.63356805
Exp_24_Feb_2024_1645_channel_0.wav,448.0,448.4,0.6683275
Exp_24_Feb_2024_1645_channel_0.wav,504.4,504.79999999999995,0.664202
Exp_24_Feb_2024_1645_channel_0.wav,580.4,580.8,0.5482215
Exp_24_Feb_2024_1645_channel_0.wav,583.6,584.0,0.5448788
Exp_24_Feb_2024_1645_channel_0.wav,1422.0,1422.4,0.5801039
Exp_24_Feb_2024_1645_channel_0.wav,1432.8,1433.2,0.5443307
Exp_24_Feb_2024_1645_channel_0.wav,1528.0,1528.4,0.809059
