file_name,initial_point,finish_point,confidence
Exp_07_Jul_2023_0745_channel_1.wav,1200.0,1200.4,1.0
Exp_07_Jul_2023_0745_channel_1.wav,1200.4,1200.8000000000002,1.0
Exp_07_Jul_2023_0745_channel_1.wav,1200.8,1201.2,1.0
Exp_07_Jul_2023_0745_channel_1.wav,1219.6,1220.0,1.0
Exp_07_Jul_2023_0745_channel_1.wav,1220.0,1220.4,1.0
Exp_07_Jul_2023_0745_channel_1.wav,1223.2,1223.6000000000001,1.0
Exp_07_Jul_2023_0745_channel_1.wav,1223.6,1224.0,1.0
