file_name,initial_point,finish_point,confidence
Exp_24_Dec_2023_0745_channel_0.wav,230.0,230.4,0.99952483
Exp_24_Dec_2023_0745_channel_0.wav,230.4,230.8,0.9998635
Exp_24_Dec_2023_0745_channel_0.wav,235.2,235.6,0.99936455
Exp_24_Dec_2023_0745_channel_0.wav,235.6,236.0,0.996653
Exp_24_Dec_2023_0745_channel_0.wav,253.2,253.6,1.0
Exp_24_Dec_2023_0745_channel_0.wav,253.6,254.0,1.0
Exp_24_Dec_2023_0745_channel_0.wav,272.0,272.4,0.9999943
Exp_24_Dec_2023_0745_channel_0.wav,272.4,272.79999999999995,0.99994266
Exp_24_Dec_2023_0745_channel_0.wav,1623.6,1624.0,0.95147455
