file_name,initial_point,finish_point,confidence
Exp_01_Aug_2023_0845_channel_1.wav,1642.4,1642.8000000000002,1.0
Exp_01_Aug_2023_0845_channel_1.wav,1642.8,1643.2,1.0
Exp_01_Aug_2023_0845_channel_1.wav,1643.2,1643.6000000000001,1.0
