file_name,initial_point,finish_point,confidence
Exp_03_Dec_2023_1245_channel_0.wav,504.0,504.4,1.0
Exp_03_Dec_2023_1245_channel_0.wav,504.4,504.79999999999995,1.0
Exp_03_Dec_2023_1245_channel_0.wav,509.6,510.0,1.0
Exp_03_Dec_2023_1245_channel_0.wav,510.0,510.4,1.0
Exp_03_Dec_2023_1245_channel_0.wav,510.4,510.79999999999995,1.0
Exp_03_Dec_2023_1245_channel_0.wav,510.8,511.2,1.0
Exp_03_Dec_2023_1245_channel_0.wav,934.0,934.4,1.0
Exp_03_Dec_2023_1245_channel_0.wav,934.4,934.8,1.0
