file_name,initial_point,finish_point,confidence
Exp_11_Oct_2023_0845_channel_1.wav,425.2,425.59999999999997,0.77491814
Exp_11_Oct_2023_0845_channel_1.wav,428.0,428.4,0.7842312
Exp_11_Oct_2023_0845_channel_1.wav,432.0,432.4,0.91351706
Exp_11_Oct_2023_0845_channel_1.wav,525.6,526.0,0.50149715
Exp_11_Oct_2023_0845_channel_1.wav,957.6,958.0,0.9855472
