file_name,initial_point,finish_point,confidence
Exp_18_Nov_2023_1645_channel_1.wav,262.8,263.2,1.0
Exp_18_Nov_2023_1645_channel_1.wav,427.2,427.59999999999997,0.99984837
Exp_18_Nov_2023_1645_channel_1.wav,613.2,613.6,0.99994195
Exp_18_Nov_2023_1645_channel_1.wav,1220.4,1220.8000000000002,0.994947
